skin,gamma,L1,L2,L3
Combination,0.1,1.8520506783509298,1.4783858641824132,0.6819005454444605
Combination,0.3,1.6822180678994028,0.746792209509382,0.18685822555988926
Combination,0.5,1.3434202688316452,0.0,0.7220668858188449
Combination,1.0,0.8566772909524585,0.0,0.6963386193738464
Combination,2.0,0.14093630784300443,0.0,1.0514097518198555
Combination,4.0,0.1232798720712496,0.0,0.0
Combination,0.1,2.150854322520766,1.6342145546568327,1.2472992997544778
Combination,0.3,2.0702337331671297,1.4453802753089635,1.4800107784541259
Combination,0.5,1.9751515565366886,1.2091111535949333,1.6286927956352188
Combination,1.0,1.5900360465154348,0.518175621054172,1.8129935386192715
Combination,2.0,0.6931057015673112,0.0693224482090369,2.076178780375388
Combination,4.0,0.19843097405308827,0.0,2.5102046151154496
Combination,0.1,1.8476042182200567,1.5929454090931983,0.5859282408176432
Combination,0.3,1.8224215352988091,1.0041650450416575,0.0
Combination,0.5,1.5123724922821682,0.10370968423927664,0.5837270672066188
Combination,1.0,1.5233343967995567,0.0,0.16314510699082746
Combination,2.0,1.6633020000360734,0.0,0.0
Combination,4.0,1.57298882017448,0.0,0.0
Combination,0.1,2.25637564832868,1.1316216148195621,0.4019166214069412
Combination,0.3,2.4148347237107552,0.9947019559374487,0.0
Combination,0.5,2.530340359176832,0.8704896495080212,0.0
Combination,1.0,2.6410785083268014,0.42026802286619924,0.0
Combination,2.0,2.6647917052898014,0.005814629504580415,0.0
Combination,4.0,3.0303261914764383,0.0,0.0
Combination,0.1,2.23503904361156,1.5527052573831368,0.028319825221954465
Combination,0.3,2.317491890725338,1.3605255729239107,0.0
Combination,0.5,2.3505517094373793,1.0791724363539286,0.0
Combination,1.0,2.2901657065459995,0.1715398989961882,0.0
Combination,2.0,2.545358971759152,0.0,0.0
Combination,4.0,2.9366665294131598,0.0,0.0
Combination,0.1,2.0081698756793678,1.5241147251757086,0.44915438191254287
Combination,0.3,1.7820549400038468,0.6539337368774408,0.2883262326562263
Combination,0.5,1.543578888572162,0.0,0.7314285032381851
Combination,1.0,1.5828794566212003,0.0,0.9478570739652593
Combination,2.0,1.6325385982708662,0.0,1.233067689994534
Combination,4.0,1.7025158307749362,0.0,1.5486745647987146
Combination,0.1,1.9818859733612322,1.1752229030937724,0.027868986609824845
Combination,0.3,1.9849275418574084,1.0476217127895173,0.0
Combination,0.5,1.9745232457173685,0.9147362966004626,0.0
Combination,1.0,1.9178688199069736,0.5460810862227493,0.0
Combination,2.0,1.6776834662024513,0.20261978948051104,0.0
Combination,4.0,0.20236117662417552,0.15595018865666097,0.0
Combination,0.1,2.000882177899319,1.4085674691589665,0.8110926583944349
Combination,0.3,1.9429378859615283,1.1614184997967976,0.18698501562783953
Combination,0.5,1.8800120654009755,0.6187566738100648,0.0
Combination,1.0,1.782303549578,0.0,0.0
Combination,2.0,1.3622542362512882,0.0,0.0
Combination,4.0,0.37268290858360165,0.0,0.0
Combination,0.1,1.9583861745066273,1.1894092419231184,0.28886586133694075
Combination,0.3,2.029853488596996,1.1119729965352851,0.0
Combination,0.5,2.077798330466264,1.050423744469007,0.0
Combination,1.0,2.1756038360692247,0.8950103018069786,0.0
Combination,2.0,2.324845438416641,0.6324005115405348,0.0
Combination,4.0,2.4809359497273817,0.4442535355149952,0.0
Combination,0.1,2.1327025030624926,1.3465549798502634,0.876536415699116
Combination,0.3,2.239908027368182,1.313365430010939,0.32557951645413546
Combination,0.5,2.391008898365587,1.2759796809239032,0.0
Combination,1.0,2.463297160633169,1.2394060485688811,0.0
Combination,2.0,0.43690375621763794,0.0,1.8278074579004497
Combination,4.0,0.07140239893632273,0.0,2.5094242605469024
Combination,0.1,2.1713198486645386,1.469928093476575,0.8639506645065227
Combination,0.3,2.1254057905203934,1.0930004041047834,0.6201770122418673
Combination,0.5,1.959389416279479,0.4186678933159943,0.5785072849886224
Combination,1.0,1.9794653904932267,0.0,0.32431380284125383
Combination,2.0,2.4645782909232006,0.0,0.0
Combination,4.0,0.36092608078953237,0.0,0.0
Combination,0.1,2.2347734328185265,1.8135486836310808,0.9943768953915522
Combination,0.3,2.212116229170106,1.8770054611491573,1.001917932321824
Combination,0.5,2.1837954668751154,1.9276122250282113,1.0136811780886106
Combination,1.0,2.035363206005988,1.9594164770786442,1.0569564938834883
Combination,2.0,0.3614154446977797,0.0,1.8148479431620599
Combination,4.0,0.042698700264983014,0.0,2.292646883740564
Combination,0.1,2.1546032912386033,1.6026851452881892,1.0175843561398594
Combination,0.3,2.3207557675400037,1.3836361866767035,0.23849825787290785
Combination,0.5,2.3772885143391758,1.0568563175929422,0.0
Combination,1.0,2.257914464647795,0.0,0.0
Combination,2.0,2.418181212026719,0.0,0.0
Combination,4.0,0.0,0.0,0.0
Combination,0.1,1.937269543600805,1.3749762667030208,0.1560250701637258
Combination,0.3,1.9578460343340163,0.7517431844690278,0.0
Combination,0.5,1.922465122202787,0.24459568884381416,0.0
Combination,1.0,2.0317382942336337,0.0,0.0
Combination,2.0,2.226907334575907,0.0,0.0
Combination,4.0,2.474316008893118,0.0,0.0
Combination,0.1,2.142650871479489,1.1887549635906138,0.5763151632553397
Combination,0.3,2.1974117035080116,0.7112200935537994,0.0
Combination,0.5,2.046407446360466,0.1520019051977925,0.0
Combination,1.0,2.0934970864611353,0.0,0.0
Combination,2.0,2.30225095977775,0.0,0.0
Combination,4.0,2.5950182195151528,0.0,0.0
Dry,0.1,1.9300408713093424,1.1322367312970931,1.073640892306695
Dry,0.3,2.0101974997529166,0.9403616115786028,0.6411825127086221
Dry,0.5,2.0950792695847014,0.6248924975703041,0.0
Dry,1.0,2.1213133279680747,0.0,0.0
Dry,2.0,1.9601404396597029,0.0,0.0
Dry,4.0,0.48819611774841876,0.0,0.0
Dry,0.1,2.155927967534233,1.2845701464910535,0.2661342054589874
Dry,0.3,2.2453496393466947,1.2435115671909605,0.0
Dry,0.5,2.295959537996603,1.205939356509495,0.0
Dry,1.0,2.402420686605212,1.0981381844751237,0.0
Dry,2.0,2.482463189433248,0.7197175977289174,0.0
Dry,4.0,2.592289925808118,0.0,0.0
Dry,0.1,1.9866714116299702,1.1956696945609846,0.518921130786538
Dry,0.3,2.1136098582690024,1.1920372341586472,0.0376015885165812
Dry,0.5,2.2290932038657156,1.2224274314568493,0.0
Dry,1.0,2.4775883195454886,1.3176199263265858,0.0
Dry,2.0,2.8547202933243745,1.5033241571348095,0.0
Dry,4.0,3.3421749554300626,1.7855382756205005,0.0
Dry,0.1,2.184077228430664,1.3752261021720706,0.0011922724262874653
Dry,0.3,2.458421983036189,1.4921144909838417,0.0
Dry,0.5,2.685283650441952,1.610079468220122,0.0
Dry,1.0,3.116968370974399,1.8735720959764584,0.0
Dry,2.0,3.6678433405748394,2.2615994588263706,0.0
Dry,4.0,4.2836473311756675,2.730303774638207,0.0
Dry,0.1,2.0053945151382484,1.3513256655161634,0.0
Dry,0.3,2.1764784884252086,1.3603800786320113,0.0
Dry,0.5,2.32152991606993,1.374475776440357,0.0
Dry,1.0,2.623589586964703,1.4091784683061508,0.0
Dry,2.0,3.0315190623589396,1.4573921613292362,0.0
Dry,4.0,0.1535565365693427,0.0,0.0
Dry,0.1,1.9429685825300411,1.4868002618040101,0.2522325674728689
Dry,0.3,2.0513469959164676,1.4002044790558617,0.0
Dry,0.5,2.0992931283966425,1.3277548791309788,0.0
Dry,1.0,2.1582381068970773,1.158287053985176,0.0
Dry,2.0,0.30609967833158536,0.1683713458353206,0.0
Dry,4.0,0.0,0.05261078589592696,0.0
Dry,0.1,1.8588692923904058,1.3310215644594492,0.0
Dry,0.3,1.8953752621556696,1.496725249347556,0.0
Dry,0.5,1.9078148734533866,1.6370731851955864,0.0
Dry,1.0,1.9355385410725638,1.9029080199493273,0.0
Dry,2.0,1.949382309574014,2.2316398789822154,0.0
Dry,4.0,1.0864786886170208,2.4351342958273645,0.0
Dry,0.1,2.110850744873592,1.5831203017555835,0.9867021501126774
Dry,0.3,2.143516309792515,1.927335215978547,0.8775478193246221
Dry,0.5,2.1848056536800824,2.158589044543824,0.7714752147196798
Dry,1.0,2.333200740373784,2.5107300267564754,0.4433981749989943
Dry,2.0,2.70317190427611,2.8570243164909273,0.0
Dry,4.0,0.0,2.792192938750718,2.592534831866709
Dry,0.1,1.8762178026301581,1.0604709839029154,0.21850605914953125
Dry,0.3,1.9562926486081447,1.0714957441813064,0.0
Dry,0.5,1.9313071154585866,1.078916907976304,0.0
Dry,1.0,1.845660113594665,1.0816429260109903,0.0
Dry,2.0,1.551801325065959,1.0428113273508293,0.0
Dry,4.0,0.3350970791829898,0.700240733623407,0.0
Dry,0.1,1.913210970183661,1.4658213575637165,0.10925959873564985
Dry,0.3,2.002838021373148,1.6284195194355533,0.0
Dry,0.5,2.0747343334411688,1.7609976730270458,0.0
Dry,1.0,2.2476950673357234,2.007007807381005,0.0
Dry,2.0,2.4957193831564783,2.288635109686773,0.0
Dry,4.0,0.0,0.0,0.0
Dry,0.1,2.115329290719933,1.4026833729105588,0.88594729077913
Dry,0.3,2.2653538372301107,1.5566175182377462,0.3194280284886691
Dry,0.5,2.5670061846063623,1.6328223484403426,0.0
Dry,1.0,2.909847819384343,1.8426794558639932,0.0
Dry,2.0,3.302396710370374,2.0887559464522734,0.0
Dry,4.0,0.0,2.003339280220123,2.4880468174221733
Dry,0.1,2.0749265202325073,1.2531871596828315,0.009409670238379138
Dry,0.3,2.101207384586895,1.1228814234958069,0.0
Dry,0.5,2.1208221776895155,0.9926690898330163,0.0
Dry,1.0,2.1608734934802882,0.7110795604336303,0.0
Dry,2.0,2.223567538865625,0.4780879660830535,0.0
Dry,4.0,2.2937101322604665,0.37363611771187855,0.0
Dry,0.1,2.002440454566184,1.1541464577536273,0.6428502631587045
Dry,0.3,2.268039464030293,1.0526576654001645,0.0
Dry,0.5,2.4613603862021796,1.0129467536103718,0.0
Dry,1.0,2.8043265895200213,0.992810388537933,0.0
Dry,2.0,3.2582624822330537,1.0379075872881174,0.0
Dry,4.0,0.0,0.0,0.0
Dry,0.1,2.0015388400146437,1.2065122391968306,0.9985850698490674
Dry,0.3,2.0792551150014633,1.0311297882464492,0.7534361485319133
Dry,0.5,2.160408983358865,0.859628981783003,0.3735416199943525
Dry,1.0,2.2766059097616433,0.5121649669247034,0.0
Dry,2.0,1.9240625254293549,0.0,0.0
Dry,4.0,0.2384255684387997,0.0,0.0
Dry,0.1,2.077255114624616,1.2784407033239018,0.9539008086637474
Dry,0.3,2.2868910487143843,1.3754940588539373,0.2575340404665132
Dry,0.5,2.508632214464424,1.4529932469836833,0.0
Dry,1.0,2.750353277275149,1.683118923441684,0.0
Dry,2.0,3.082927523533891,1.9789557943798968,0.0
Dry,4.0,0.17803616234990396,0.0,0.0
Normal,0.1,2.140767736918202,1.1256096759326282,0.03348153576937909
Normal,0.3,2.091553116813733,1.3334336270619518,0.0
Normal,0.5,2.0394214429831714,1.489824428278375,0.0
Normal,1.0,1.9062438628147058,1.7480943490476724,0.0
Normal,2.0,1.5987229389818696,2.0280347017634415,0.0
Normal,4.0,0.9354880841282555,2.2659678882832037,0.0
Normal,0.1,2.0554289409042052,1.4082562290210232,0.6103806953062219
Normal,0.3,1.9644957974255235,1.6000520391611717,0.5515739875107171
Normal,0.5,1.8644073342040164,1.7308999592643168,0.5572695200108906
Normal,1.0,1.4646067295603882,2.140940622983109,1.1127826422771951
Normal,2.0,0.5740646788198204,2.5815449735657907,2.081602816930162
Normal,4.0,0.0,2.6789818784517747,2.9153462656755478
Normal,0.1,1.8923832239149674,1.32448192690399,0.9245819495789929
Normal,0.3,1.918281899676862,1.291066634094863,0.6312190186415152
Normal,0.5,1.9722319974970153,1.2279705481935967,0.0
Normal,1.0,1.9836801826870882,1.2479761046708473,0.0
Normal,2.0,1.9486555040102977,1.25962696605203,0.0
Normal,4.0,0.46706637644694377,1.0890660097026008,0.0
Normal,0.1,2.059514413221958,1.3001228653004508,0.5298642612954761
Normal,0.3,2.188258171998759,1.3483030573039219,0.0
Normal,0.5,2.280663951803365,1.417157228034685,0.0
Normal,1.0,2.4888243472620757,1.5734072332079467,0.0
Normal,2.0,2.8299758342275383,1.8241875134113548,0.0
Normal,4.0,3.2660601635884974,2.144281061050225,0.0
Normal,0.1,2.0756061708606692,1.3756104138739729,0.5732961678717118
Normal,0.3,2.1457463668705263,1.4065134579262888,0.0
Normal,0.5,2.147989123823157,1.4422448560767795,0.0
Normal,1.0,2.1505763726599514,1.5159634989754538,0.0
Normal,2.0,2.1304839934530433,1.6192367482290804,0.0
Normal,4.0,0.0,0.0,0.0
Normal,0.1,2.2414950537154583,1.2983993573600314,0.5016810808660268
Normal,0.3,2.364433964267199,1.3252970971238556,0.0
Normal,0.5,2.4572062598851265,1.425977081484711,0.0
Normal,1.0,2.6699993701390548,1.616929565877033,0.0
Normal,2.0,3.0158659793339715,1.8649116657974425,0.0
Normal,4.0,3.4701095315800234,2.1451572289468874,0.0
Normal,0.1,2.100709652448671,1.694297225910114,0.9364100074875285
Normal,0.3,2.336828173743234,1.8917153361693675,0.05460412475560606
Normal,0.5,2.4389220903222846,2.0600127587328263,0.0
Normal,1.0,2.497853023015136,2.4299795046368766,0.0
Normal,2.0,2.5532444186642462,2.8186829968079605,0.0
Normal,4.0,0.6555292883386941,2.5185127694621756,0.0
Normal,0.1,2.1162837297642856,1.463577540553754,0.7078105513410787
Normal,0.3,2.2425654208831274,1.5227408049042535,0.0
Normal,0.5,2.2331618701769163,1.5709554915804693,0.0
Normal,1.0,2.140009072094881,1.6437638987851362,0.0
Normal,2.0,0.3627839386019884,1.1693462216120458,0.0
Normal,4.0,0.0,0.9678729139131333,0.0
Normal,0.1,2.193080996440517,1.6266691688570905,0.6914063434940199
Normal,0.3,2.4334072415612087,1.7622836090569705,0.0
Normal,0.5,2.5219637724051602,1.897641394867906,0.0
Normal,1.0,2.23548205017078,1.9608292344520386,0.0
Normal,2.0,0.0,0.5549248346493595,0.0
Normal,4.0,0.0,0.0,0.0
Normal,0.1,2.312284090106164,1.4872441091512834,0.0
Normal,0.3,2.5145999678431106,1.7846499167719947,0.0
Normal,0.5,2.6855588277374878,1.9906227563619228,0.0
Normal,1.0,3.037580257408442,2.327597273437494,0.0
Normal,2.0,3.5253576009332765,2.7178331675583824,0.0
Normal,4.0,4.107337507877737,3.1478258633310325,0.0
Normal,0.1,2.143435228206142,1.3431390778799468,0.27424466344074633
Normal,0.3,2.3485773767269142,1.3943686969708122,0.0
Normal,0.5,2.4951742406742574,1.4953285313569449,0.0
Normal,1.0,2.808659239216482,1.7050484324916337,0.0
Normal,2.0,3.271213109688955,2.013945545866225,0.0
Normal,4.0,3.8468938833272754,2.4123742727080497,0.0
Normal,0.1,2.1249392053746154,1.184915935436211,0.24331484274358045
Normal,0.3,2.252217419101492,1.2398886039768517,0.0
Normal,0.5,2.3703135911273274,1.299106095287351,0.0
Normal,1.0,2.6357828544962465,1.4067547629418065,0.0
Normal,2.0,3.05125518097732,1.5497599897335053,0.0
Normal,4.0,3.596930268676097,1.7284528132979102,0.0
Normal,0.1,2.0514498329685487,1.2555908423016047,0.0
Normal,0.3,2.1148000548505723,1.3942790711068032,0.0
Normal,0.5,2.179148871431533,1.5100104378777892,0.0
Normal,1.0,2.3415243240883408,1.7385807022392046,0.0
Normal,2.0,2.6322987802082976,2.0559594834742434,0.0
Normal,4.0,3.04785923635591,2.4370122430833305,0.0
Normal,0.1,2.1873442988468983,1.0798984064769832,0.3027281609815134
Normal,0.3,2.2092303619220695,0.7034729806208693,0.0
Normal,0.5,2.135401895247421,0.3741431298702767,0.0
Normal,1.0,1.878960728803047,0.06767857534782995,0.0
Normal,2.0,0.7973794229097089,0.0,0.0
Normal,4.0,0.2199247219022915,0.0015680668566176127,0.0
Normal,0.1,2.2599217762313413,1.3029645115349346,0.0
Normal,0.3,2.337001007267298,1.413673459807659,0.0
Normal,0.5,2.4088052137034084,1.5098465120424218,0.0
Normal,1.0,2.5809593231613635,1.705157174805726,0.0
Normal,2.0,2.8425679462518936,1.9620428503954843,0.0
Normal,4.0,0.2739696062166006,0.5189861046867987,0.0
Oily,0.1,1.9994859157878206,1.4835407663202047,0.9685168475990482
Oily,0.3,2.097783305591036,1.3218442164060362,1.229553262754963
Oily,0.5,2.14007825278071,1.1020820196853265,1.3838996588851646
Oily,1.0,1.9637781806875683,0.002843073206665907,1.5119173283235459
Oily,2.0,2.192074120023253,0.0,1.831351899215005
Oily,4.0,2.5437292785672003,0.0,2.1871432874438237
Oily,0.1,2.0808975588285747,1.5945591019774175,1.1187431685479756
Oily,0.3,2.122154513633892,1.7006969905002203,1.1524848302385577
Oily,0.5,2.1589934224823355,1.7974184845569336,1.181851751176399
Oily,1.0,2.2357021372908243,1.99775755576987,1.2416075093795542
Oily,2.0,2.3275153421991126,2.2488398066965605,1.322584091872275
Oily,4.0,0.0,1.6248762208856393,2.504949883926952
Oily,0.1,2.0932057580788674,1.4569334956112194,1.136089284401386
Oily,0.3,2.0430357976773346,0.9769013625561745,1.4336547925975398
Oily,0.5,1.977814578113553,0.5646918644778948,1.564671019694266
Oily,1.0,1.9005908041971054,0.0036361123398419874,1.7029617751647144
Oily,2.0,2.119126711907503,0.0,1.9936249129371892
Oily,4.0,2.487159438496633,0.0,2.3530009925224564
Oily,0.1,1.9549808169117315,1.5880394970416851,1.1174708070435588
Oily,0.3,1.9804279012149042,1.5705706346719797,1.3555619124678238
Oily,0.5,1.9870651366705703,1.543754071081588,1.5251284936907734
Oily,1.0,1.9174364247803082,1.3482868428766,1.7706688146535066
Oily,2.0,1.4441431973367838,0.0,1.9566646545322215
Oily,4.0,1.059839498392922,0.0,2.4306265472560966
Oily,0.1,1.848550531881805,1.1465968694165238,1.1239061466584417
Oily,0.3,1.8320651505277863,1.3031673040657126,1.3165741213840723
Oily,0.5,1.8007532016131946,1.4376480415364674,1.4734297275356552
Oily,1.0,1.6818580120114741,1.6986143934210407,1.7716019390597693
Oily,2.0,1.269656429883683,2.0086931669253625,2.2253336223160476
Oily,4.0,0.0,0.0,0.0
Oily,0.1,2.1704584072540647,1.633357015196494,0.8065565587276166
Oily,0.3,2.285067002920892,1.6790168211866028,0.6450494374745498
Oily,0.5,2.3649596945088702,1.7015694489371656,0.4839895503632668
Oily,1.0,1.4910012894890095,0.0,1.1388662188776282
Oily,2.0,0.8846020617902025,0.0,1.7084480952090497
Oily,4.0,0.3303884598704226,0.0,2.6799472052475717
Oily,0.1,2.0978949369696753,1.7435200158955946,1.1016394615279048
Oily,0.3,1.9548870457538532,1.2759211760565339,1.2008192535253222
Oily,0.5,1.756976294425722,0.5762934013633467,1.1165462532855315
Oily,1.0,1.6849107334978979,0.0,1.1875019760717447
Oily,2.0,1.7949823150030138,0.0,1.4470743962258614
Oily,4.0,1.9322939306953648,0.0,1.7962567841869674
Oily,0.1,2.107462731681951,1.8509968108952428,0.9577835143305795
Oily,0.3,2.1667776240853085,2.0449568712711628,1.0905645551069778
Oily,0.5,2.2138304808349694,2.1981331824311248,1.2176178985866264
Oily,1.0,2.2113676236536954,2.4402194688593792,1.5475008705376323
Oily,2.0,0.15165242826161407,1.5450746755828573,2.2692829480074
Oily,4.0,0.0,0.0,0.0
Oily,0.1,1.9407883617991815,1.6877202030855447,1.1266030305141466
Oily,0.3,1.8997352652644766,1.7150551324192915,1.4693919515130358
Oily,0.5,1.8629170819974556,1.7439200956895817,1.6887341301977052
Oily,1.0,1.7873099599674214,1.80409419558419,2.0270423543383838
Oily,2.0,1.670203990441397,1.8709733188945463,2.389623854341483
Oily,4.0,1.4211538681471803,1.8569932503734286,2.7505936934918527
Oily,0.1,1.924913773511977,1.1319298186357505,1.2476475500134987
Oily,0.3,1.871746009886529,1.0682027979369315,1.429535009750443
Oily,0.5,1.7928567409246416,0.996687397339726,1.5827886205883597
Oily,1.0,1.4759661805364563,0.7167319930669325,1.8993828725375708
Oily,2.0,0.5549620771314976,0.020969970002616578,2.3989824834884086
Oily,4.0,0.0,0.0,2.5378412623661983
Oily,0.1,1.704813898604057,1.6265155572014591,1.042414849686028
Oily,0.3,1.6865776470865188,1.6788593429379184,1.2145959557733432
Oily,0.5,1.6677741656906917,1.7194675250705835,1.3345312587664258
Oily,1.0,1.5555465072060588,1.4668037813110217,1.5108587154312503
Oily,2.0,1.3773409622633872,0.0,1.8198716202481422
Oily,4.0,1.3401746912026062,0.0,2.0209418147655813
Oily,0.1,2.046014419092538,1.8171632464288592,1.2075953530632784
Oily,0.3,2.055821468020708,1.9877930976483784,1.3296761344990764
Oily,0.5,2.0463499123320403,2.127170362252809,1.438808037728803
Oily,1.0,1.8642719563138122,2.1968798214968435,1.6501280454173288
Oily,2.0,0.375049779684999,0.0,2.020843195808819
Oily,4.0,0.0,0.0,2.8793528747955164
Oily,0.1,2.356515894299424,1.5457786474756225,0.5729286100924517
Oily,0.3,2.506010358884376,1.4819535989640111,0.25653313409337786
Oily,0.5,2.6323228418511264,1.3394952213202436,0.0
Oily,1.0,2.543437860053051,0.15142926196680903,0.0
Oily,2.0,2.755649532300959,0.0,0.0
Oily,4.0,0.0,0.0,2.3324142501443403
Oily,0.1,2.0424201598834633,1.3942579291727801,0.7108523502648083
Oily,0.3,2.1044722350661504,0.9348062449530009,0.0
Oily,0.5,2.081930468516902,0.4488188086306595,0.0
Oily,1.0,2.0513761719755,0.022995336652514627,0.0
Oily,2.0,2.14604405269545,0.0,0.0
Oily,4.0,1.9137239231833647,0.0,0.0
Oily,0.1,2.263479108110854,1.4228839812479335,1.1110136118110556
Oily,0.3,2.3266695294240156,1.1937101194287707,1.1333544348396651
Oily,0.5,2.33213570207138,0.8044903290100096,1.150629445678686
Oily,1.0,2.2198106703126275,0.0,1.501443126198578
Oily,2.0,2.866067022807213,0.06694908960608617,0.0
Oily,4.0,3.2835089891676064,0.0,0.0
Sensitive,0.1,1.70143734990333,1.2775652266620001,0.9213989902541142
Sensitive,0.3,1.7739922775460875,1.511136710824092,0.893651819509047
Sensitive,0.5,1.8436713456712304,1.6932670782762398,0.8754550086829794
Sensitive,1.0,2.002836786507827,2.014369509674717,0.8544201947102317
Sensitive,2.0,2.2634789535463526,2.3961206782816027,0.8600164974135552
Sensitive,4.0,2.6079721459583998,2.810549395233068,0.9936624002862312
Sensitive,0.1,2.08188865257134,1.5293738393864649,0.7436978420102206
Sensitive,0.3,2.137713456897866,1.8040528287478093,0.4692194503914558
Sensitive,0.5,2.2001296478813543,1.9650521671377392,0.32626002505369944
Sensitive,1.0,2.318015126838251,2.3310717465104407,0.3770380471953566
Sensitive,2.0,2.5016254054719838,2.807917162916026,0.6227774045886519
Sensitive,4.0,0.0,2.5767272186039025,2.5231009291051785
Sensitive,0.1,1.8693649216023562,1.2755400753392652,0.9034029054528184
Sensitive,0.3,1.860873516456707,1.4410161476403087,1.0214381082673951
Sensitive,0.5,1.8592389006036625,1.5780824494904524,1.1126734420338535
Sensitive,1.0,1.8693422386010181,1.8416941202225747,1.2813076494550317
Sensitive,2.0,1.908627914447576,2.1891679113200326,1.5063415916704272
Sensitive,4.0,1.9856402340337944,2.5925051917563633,1.7986435142641304
Sensitive,0.1,2.0654780169830924,1.2601597584370898,0.7031498086469288
Sensitive,0.3,2.005478236924964,1.1701019714885366,0.7937987401609742
Sensitive,0.5,1.8774454110458123,0.9287321595120782,0.9433652402675169
Sensitive,1.0,1.5118416006793032,0.0,1.7341463136807085
Sensitive,2.0,0.0,0.0,2.5240483012939805
Sensitive,4.0,0.0,0.0,2.9136396469756978
Sensitive,0.1,1.8935591620383696,1.339312182834742,0.9728865935458169
Sensitive,0.3,2.093452481635652,1.509875903231546,1.0626905651675365
Sensitive,0.5,2.268374222980123,1.6670680792934784,1.1393229287345956
Sensitive,1.0,2.618630088718322,1.99014118392499,1.293632270633879
Sensitive,2.0,3.0864046945184693,2.4148927863659972,1.5132414127756753
Sensitive,4.0,3.0349024035725525,0.0,2.0338081242779595
Sensitive,0.1,2.2373654064840984,1.2357409879130872,0.9607278472344611
Sensitive,0.3,2.4125518259487455,1.6355735284567583,1.243479486049775
Sensitive,0.5,2.570829730606566,1.9047358202105127,1.4633248295791814
Sensitive,1.0,2.8933497736469764,2.3250152862657276,1.8330123451036073
Sensitive,2.0,3.3205229475588123,2.7637248226607896,2.2536533350353403
Sensitive,4.0,0.0,2.3153824535510914,3.1861111485440627
Sensitive,0.1,2.0408674954597483,1.0906908391541437,0.49008882308422663
Sensitive,0.3,2.126546462740437,1.1231560644911482,0.0
Sensitive,0.5,2.1896408513759824,1.1845286840777791,0.0
Sensitive,1.0,2.3368686860975827,1.3216376198006852,0.0
Sensitive,2.0,2.5963977777707488,1.5406033714779874,0.0
Sensitive,4.0,0.0,0.3371671841030163,2.6250418540216613
Sensitive,0.1,1.8050666494228278,1.1615464328228093,0.5376028659620734
Sensitive,0.3,1.9421756513073274,1.2599669853310844,0.0
Sensitive,0.5,2.0238705030790523,1.3817936280388512,0.0
Sensitive,1.0,2.2064017252015033,1.6389098960124402,0.0
Sensitive,2.0,2.518411094474133,2.0036962098229347,0.0
Sensitive,4.0,2.9609649960376556,2.4433918133432178,0.0
Sensitive,0.1,1.8148747373167073,0.937822223491235,0.5688179215855388
Sensitive,0.3,1.9444464689885383,1.0271364738139968,0.0
Sensitive,0.5,2.0051487405629054,1.0973996037890799,0.0
Sensitive,1.0,2.1028504254143083,1.2207158080472462,0.0
Sensitive,2.0,2.2681375311864067,1.3916322748680607,0.0
Sensitive,4.0,2.3661550231343065,1.5432337049431206,0.0
Sensitive,0.1,2.088933810057299,1.12413907728658,0.8312865120731946
Sensitive,0.3,2.339293886963749,1.4014718979806133,0.9728760430055474
Sensitive,0.5,2.5660028336169765,1.6313637340448641,1.104125349281737
Sensitive,1.0,3.011005190453626,2.0480304893298653,1.3577496609045798
Sensitive,2.0,0.0,1.3392462105322611,1.8713221253897132
Sensitive,4.0,0.0,1.9535431124977578,2.1607109687782438
Sensitive,0.1,2.2523695067903673,1.2011237093512466,0.48174227809119824
Sensitive,0.3,2.5586397040430637,1.4372351181746794,0.01437185527376262
Sensitive,0.5,2.800497157787164,1.6331106934876027,0.0
Sensitive,1.0,3.237511532458735,1.9896233498294114,0.0
Sensitive,2.0,0.0,1.454065041839739,2.2549797598880943
Sensitive,4.0,0.0,1.8148510209057582,2.0376841617639774
Sensitive,0.1,1.9284412073083168,1.0540179443950342,0.8612302146078061
Sensitive,0.3,2.0345576935847727,1.125641050582163,0.9060464955071377
Sensitive,0.5,2.1327985130855236,1.1848187817286628,0.9436215530476117
Sensitive,1.0,2.344087874879919,1.2969660407338097,1.0218730191037657
Sensitive,2.0,2.60832898203318,1.4134351875338709,1.254792649037669
Sensitive,4.0,0.0,1.4005783155581937,2.760844092389283
Sensitive,0.1,1.8809172909455412,1.2320362652389787,0.7835982201654177
Sensitive,0.3,2.03277893080067,1.4293000709505037,0.1662775071328655
Sensitive,0.5,2.1597519631137896,1.5639006653324323,0.0
Sensitive,1.0,2.3429229093538075,1.7895315876668616,0.0
Sensitive,2.0,2.6130498993890723,2.042475656834663,0.0
Sensitive,4.0,0.0,2.079154977229382,2.6576689011143464
Sensitive,0.1,1.7726110526678671,1.370651874532345,0.7502341016884093
Sensitive,0.3,1.8312792453499396,1.4079242290798188,0.4171153412635398
Sensitive,0.5,1.9306701115398746,1.3701323283898115,0.005373338812326141
Sensitive,1.0,2.0697177045371298,1.373562434563929,0.0
Sensitive,2.0,0.0,2.0222892037046307,2.8114703645375227
Sensitive,4.0,0.0,2.638362492883873,3.317840266462169
Sensitive,0.1,1.8710951681409178,1.0952784099223727,0.9142991207751134
Sensitive,0.3,1.7508320768103973,0.7703450214002578,0.8987039603943633
Sensitive,0.5,1.5824733275489173,0.2983711800828344,1.2005227619464036
Sensitive,1.0,0.9732996073515588,0.0,2.006850625436987
Sensitive,2.0,0.0,0.0,2.580940632722456
Sensitive,4.0,0.0,0.0,2.8937913698899966
